Position;Betrag EUR;Frequenz;Bemerkung
Pflegebedingte Aufwendungen;1910.00;monatlich;Pflegegrad 4
Unterkunft und Verpflegung;1040.00;monatlich;
Einrichtungseinheitlicher Eigenanteil und Investitionskosten;1060.00;monatlich;
Ausbildungsumlage und Zusatzleistungen;370.00;monatlich;
Gesamtentgelt Heim;4380.00;monatlich;Summe
Altersrente Mutter;-1420.00;monatlich;netto
Leistung Pflegekasse Pflegegrad 4;-805.00;monatlich;vollstationaer
Eigene Mittel zusammen;-2225.00;monatlich;Summe Abzug
Ungedeckter Bedarf;2155.00;monatlich;Sozialamtsleistung SGB XII
